{"cameraMode":{"drawMode":0,"name":"Shaded","section":"Shading Mode"},"sceneLighting":true,"audioPlay":false,"sceneViewState":{"showFog":true,"showMaterialUpdate":false,"showSkybox":true,"showFlares":true,"showImageEffects":true,"showParticleSystems":true},"in2DMode":false,"pivot":{"x":7.719505310058594,"y":12.529144287109375,"z":-112.34175109863281},"rotation":{"x":-0.09796395152807236,"y":0.48948901891708376,"z":-0.055454567074775699,"w":-0.8647145628929138},"size":1.6240040063858033,"orthographic":false}